Account,Account Type,Post,Likes,Reposts,Replies,Views,Date,URL,Post Type
@SupademoHQ,Competitor,"Today, we’re killing the book a demo form. No more endless forms, waiting days, or sitting through discovery calls to STILL not see the product. Excited to unwrap a cool project we've been working on behind the scenes... Or check out canvas right here (as most of you don't have access just yet): https://app.supademo.com/demo/cm1usvpq407so62k5ajnpqtm2",140,22,15,12500,2024-09-17,https://x.com/SupademoHQ/status/1,Product Launch / Feature Drop
@SupademoHQ,Competitor,"Supa excited to introduce @SupademoHQ its very first promo video. A better way to create AI-powered interactive product demos. For anyone to use instantly.",95,14,8,8900,2024-09-17,https://x.com/SupademoHQ/status/2,Promo Video / Value Prop
@SupademoHQ,Competitor,"Supademo 3.0 is live on @ProductHunt Supademo 3.0 brings 50+ new features to revolutionize how you create product demos. Check it out here - https://producthunt.com/posts/supademo-3-0",210,35,28,18400,2024-09-17,https://x.com/SupademoHQ/status/3,Product Hunt Launch
@SupademoHQ,Competitor,"Hey folks! With less than 3 hours remaining, Supa Screenshot is staying steady within the top 3 positions. Our team would love your support and feedback as we near the finish line",78,11,19,6400,2024-05-14,https://x.com/SupademoHQ/status/4,Community Support / Leaderboard
@SupademoHQ,Competitor,"Interactive product demos are the most underrated yet impactful tactics for growing SaaS products today! Apparently, a short dummy demo of your product results in 23% increase in conversions #SaaS",320,58,31,28000,2024-05-06,https://x.com/SupademoHQ/status/5,Educational / Stat Hook
@SupademoHQ,Competitor,"We’re ecstatic to launch Supademo 2.0 on @ProductHunt today! Excited to roll this out to our 4000+ users today. Learn more and support us here: https://producthunt.com/products/supademo #buildinpublic",185,29,22,15200,2023-09-12,https://x.com/SupademoHQ/status/6,Launch / Milestone
@jhylee95,Competitor Founder,"Every time I'm tired of eating ramen for dinner, I get messages like this.... this is why I love building #buildinpublic #saas #b2bsales US WAITING FOR TRADITIONAL BUYING AND ENABLEMENT METHODS TO CATCH UP WITH TECHNOLOGY",410,45,38,35000,2023-06-09,https://x.com/jhylee95/status/7,Founder Story / Meme / BuildInPublic
@jhylee95,Competitor Founder,"Clearly they need some handholding. Give them a concrete reason to sign up for a free trial. Start with a beautiful but highly engaging/effective HTML interactive demo. Doesn’t have to be long or overly extensive. Get the message across and spark the interest. Then they will want to start the free trial. Btw, bumped you up to the Growth trial, so you can use the HTML demo features freely.",290,32,24,22000,2023-06-09,https://x.com/jhylee95/status/8,Tactical Advice / Product Pitch
@SupademoHQ,Competitor,"It seems you didn't get a reply from either. Let us report for duty! Plenty of companies use @SupademoHQ demos or showcases (collection of demos) for onboarding & training users & employees. And yes, there are analytics and you can see completion rates.",115,12,16,9800,2023-06-10,https://x.com/SupademoHQ/status/9,Social Listening / Competitor Steal
