Timestamp,Post Type,Content,Buffer ID,Status
2026-09-21 09:41:26 UTC,single,"Unplanned post-launch support is the silent killer of agency profit margins.

When you spend 15 hours a week answering questions already explained in handover videos, you are working for free.

Automate client answers instead of jumping on calls.

#SaaS #webdev #vibecoding",6ab0fbc6e47f7384394df4be,sent (2026-09-22T04:30:00.000Z),none
2026-09-21 09:41:29 UTC,thread,"Most AI tools are completely blind to what is actually happening on your screen.

They rely entirely on microphone audio transcripts. If you didn't say it out loud while recording, the AI cannot find it. || This is a massive bottleneck for engineering teams and client handovers.

When a client asks 'Where is the billing button?', audio-only search fails if you never spoke those exact words on camera. || Demoly solves this by capturing the browser DOM tree instead of raw pixel video.

Every click, input field, layout state, and route change is indexed with precise timestamps. || When an AI agent or client queries your recording, it inspects the actual UI elements rendered on screen.

No voiceover required. The DOM structure tells the exact story. || How does your team currently handle searching through technical walkthroughs and bug recordings?

#ai #programming #automation",6ab0fbc9905ead849161d1e2,sent (2026-09-21T13:00:00.000Z),none
2026-09-21 09:48:25 UTC,single,"Tech agencies lose 2 to 4 billable hours every single week answering questions already explained in client handover videos.

Stop scheduling 30-minute repeat calls for a 10-second UI walkthrough.

Let your videos answer autonomously instead.

#webdev #SaaS #automation",6ab0fd69905ead8491620049,sent (2026-09-22T04:30:00.000Z),none
2026-09-21 09:48:29 UTC,thread,"Most AI agentic tools are completely blind to what is actually happening inside a live browser session.

They rely on OCR screenshots or raw pixel streams that miss the underlying structure of your web app. || When your UI shifts, modals pop up, or inputs validate dynamically, pixel scrapers just see shifting colors.

They have zero context of the actual DOM hierarchy, layout states, or event listeners. || That is why Demoly captures the browser DOM directly instead of recording heavy 60fps video pixels.

We index every button, form state, and route transition right at the element level. || This architectural shift enables true visual AI search on silent videos and feeds clean technical payloads straight into developer workflows.

No audio voiceover required. || How does your team currently bridge the gap between visual bug reports and your AI coding agents?

#ai #programming #buildinpublic",6ab0fd6c284c37fa34a13a6d,sent (2026-09-21T13:00:00.000Z),none
2026-09-21 09:48:33 UTC,single,"Made a mistake halfway through a 5-minute bug walkthrough? Never re-record from scratch.

Demoly's non-destructive browser timeline lets you trim mid-video cuts instantly without re-rendering.

Fix slips in seconds and ship clean links.

#javascript #coding",6ab0fd71284c37fa34a13abe,sent (2026-09-21T17:00:00.000Z),img14.png
